<?xml version="1.0" encoding="utf-8" standalone="yes"?>
<rss version="2.0" xmlns:atom="http://www.w3.org/2005/Atom">
  <channel>
    <title>Play Crazy Coin Flip in Canada | Real Action, Real Winnings on Crazy Coin Flip</title>
    <link>https://playcrazycoinfliplive.org/play/</link>
    <description>Recent content in Play Crazy Coin Flip in Canada | Real Action, Real Winnings on Crazy Coin Flip</description>
    <generator>Hugo</generator>
    <language>en</language>
    <lastBuildDate></lastBuildDate>
    <atom:link href="https://playcrazycoinfliplive.org/play/index.xml" rel="self" type="application/rss+xml" />
  </channel>
</rss>
