<?xml version="1.0" encoding="utf-8" standalone="yes"?>
<rss version="2.0" xmlns:atom="http://www.w3.org/2005/Atom">
  <channel>
    <title>Crazy Coin Flip Online in Canada | Exciting Casino Game Experience on Crazy Coin Flip</title>
    <link>https://playcrazycoinfliplive.org/terms-and-conditions/</link>
    <description>Recent content in Crazy Coin Flip Online in Canada | Exciting Casino Game Experience on Crazy Coin Flip</description>
    <generator>Hugo</generator>
    <language>en</language>
    <lastBuildDate></lastBuildDate>
    <atom:link href="https://playcrazycoinfliplive.org/terms-and-conditions/index.xml" rel="self" type="application/rss+xml" />
  </channel>
</rss>
